"Time (s)","Latitude (°)","Longitude (°)","Height (m)","Velocity (m/s)","Direction (°)","Horizontal Accuracy (m)","Vertical Accuracy (m)"
0.000000000E0,4.079133850E1,1.675197130E1,4.988628462E2,NaN,NaN,1.953700066E1,3.148061037E0
1.059747048E0,4.079131740E1,1.675198990E1,4.988629526E2,NaN,NaN,2.810000038E1,3.758318663E0
3.068747048E0,4.079131833E1,1.675192167E1,5.060627063E2,0.000000000E0,0.000000000E0,3.200000048E0,3.840000153E1
4.068747048E0,4.079132000E1,1.675192500E1,5.060627134E2,0.000000000E0,0.000000000E0,3.299999952E0,3.859999847E1
5.652747048E0,4.079132333E1,1.675186000E1,5.061624967E2,0.000000000E0,0.000000000E0,3.400000095E0,3.150000000E1
6.652747048E0,4.079132000E1,1.675185500E1,5.060624880E2,0.000000000E0,0.000000000E0,3.400000095E0,3.000000000E1
7.652747048E0,4.079132000E1,1.675185500E1,5.060624880E2,3.278780580E-1,2.838399963E2,3.400000095E0,2.800000000E1
8.652747048E0,4.079132000E1,1.675185500E1,5.060624880E2,3.937624991E-1,2.672699890E2,3.099999905E0,2.760000038E1
9.652747048E0,4.079132000E1,1.675185500E1,5.060624880E2,3.505258262E-1,2.684500122E2,3.000000000E0,2.810000038E1
1.065274705E1,4.079131500E1,1.675187000E1,5.058625473E2,2.218452841E-1,2.617399902E2,2.900000095E0,2.850000000E1
1.165274705E1,4.079132167E1,1.675188000E1,5.058625648E2,2.851561010E-1,2.722699890E2,2.799999952E0,2.860000038E1
1.265274705E1,4.079132833E1,1.675189167E1,5.060625877E2,1.559608281E-1,5.133000183E1,2.700000048E0,2.820000076E1
1.365274705E1,4.079133167E1,1.675189833E1,5.060626019E2,2.285366654E-1,1.352400055E2,2.700000048E0,2.870000076E1
1.465274705E1,4.079133000E1,1.675190500E1,5.062626270E2,5.383994579E-1,2.391699982E2,2.599999905E0,2.650000000E1
1.565274705E1,4.079133500E1,1.675191667E1,5.065626536E2,2.480961084E-1,2.163699951E2,2.400000095E0,2.760000038E1
1.665274705E1,4.079133833E1,1.675191833E1,5.065626516E2,1.575050056E-1,2.568200073E2,2.299999952E0,2.560000038E1
1.765274705E1,4.079133833E1,1.675191833E1,5.065626516E2,2.064036131E-1,2.793699951E2,2.299999952E0,2.360000038E1
1.865274705E1,4.079133833E1,1.675191833E1,5.065626516E2,1.441222280E-1,2.904700012E2,2.299999952E0,2.350000000E1
1.965274705E1,4.079134333E1,1.675193333E1,5.066626889E2,1.430927813E-1,3.554299927E2,2.299999952E0,2.360000038E1
2.065274705E1,4.079134500E1,1.675194333E1,5.068627174E2,1.997122169E-1,1.197999954E1,2.200000048E0,2.389999962E1
2.165274705E1,4.079134333E1,1.675195000E1,5.069627426E2,1.297100037E-1,3.656999969E1,2.200000048E0,2.450000000E1
2.265274705E1,4.079135000E1,1.675196333E1,5.070627709E2,2.563316524E-1,7.083999634E1,2.200000048E0,2.370000076E1
2.365274705E1,4.079134500E1,1.675196833E1,5.071627980E2,2.326544374E-1,9.208000183E1,2.099999905E0,2.470000076E1
2.465274705E1,4.079134333E1,1.675196833E1,5.073628016E2,1.981680542E-1,9.944999695E1,2.099999905E0,2.370000076E1
2.565274705E1,4.079134167E1,1.675197167E1,5.074628160E2,1.914766729E-1,1.112900009E2,2.000000000E0,2.310000038E1
2.665274705E1,4.079134000E1,1.675197167E1,5.076628197E2,1.976533383E-1,1.090800018E2,2.000000000E0,2.350000000E1
2.765274705E1,4.079133833E1,1.675197333E1,5.079628287E2,2.017711103E-1,8.822000122E1,2.000000000E0,2.270000076E1
2.865274705E1,4.079133833E1,1.675197167E1,5.081628234E2,2.089772224E-1,8.045999908E1,2.000000000E0,2.289999962E1
2.965274705E1,4.079133667E1,1.675197000E1,5.083628217E2,2.100066692E-1,1.017900009E2,2.000000000E0,2.260000038E1
3.065274705E1,4.079133500E1,1.675196833E1,5.085628200E2,2.022858262E-1,1.149700012E2,2.000000000E0,2.200000000E1
3.165274705E1,4.079133333E1,1.675196667E1,5.087628183E2,2.079477757E-1,1.269499969E2,1.899999976E0,2.270000076E1
3.265274705E1,4.079133333E1,1.675196333E1,5.089628075E2,1.775791645E-1,1.053999996E1,2.000000000E0,2.210000038E1
3.365274705E1,4.079133667E1,1.675196167E1,5.090627948E2,1.683141738E-1,3.296499939E2,2.000000000E0,2.510000038E1
3.465274705E1,4.079133833E1,1.675195667E1,5.092627751E2,0.000000000E0,2.821400146E2,2.000000000E0,2.579999924E1
3.565274705E1,4.079134500E1,1.675195167E1,5.094627443E2,0.000000000E0,3.188599854E2,2.099999905E0,2.420000076E1
3.665274705E1,4.079134667E1,1.675195000E1,5.100627352E2,0.000000000E0,3.270299988E2,2.099999905E0,2.429999924E1
3.765274705E1,4.079134833E1,1.675194667E1,5.104627208E2,2.161833346E-1,6.602999878E1,2.099999905E0,2.379999924E1
3.865274705E1,4.079134667E1,1.675194500E1,5.104627191E2,2.408899963E-1,1.181399994E2,2.099999905E0,2.300000000E1
3.965274705E1,4.079134667E1,1.675194667E1,5.103627245E2,0.000000000E0,1.158899994E2,2.099999905E0,2.289999962E1
4.065274705E1,4.079134000E1,1.675194667E1,5.101627392E2,0.000000000E0,1.481100006E2,2.099999905E0,2.360000038E1
4.165274705E1,4.079133167E1,1.675195500E1,5.098627844E2,3.520700037E-1,1.414700012E2,2.099999905E0,2.329999924E1
4.265274705E1,4.079131000E1,1.675196167E1,5.095628535E2,5.255314112E-1,1.543800049E2,2.099999905E0,2.500000000E1
4.365274705E1,4.079128000E1,1.675197500E1,5.092629625E2,7.494355440E-1,1.587100067E2,2.099999905E0,2.379999924E1
4.465274705E1,4.079125500E1,1.675198833E1,5.084630605E2,1.033562183E0,1.572100067E2,2.000000000E0,2.020000076E1
4.565274705E1,4.079123333E1,1.675200500E1,5.074631618E2,1.337248325E0,1.548699951E2,2.000000000E0,1.960000038E1
4.665274705E1,4.079121333E1,1.675201833E1,5.066632488E2,1.605418563E0,1.533899994E2,2.000000000E0,1.810000038E1
4.765274705E1,4.079118500E1,1.675203000E1,5.061633487E2,1.930208325E0,1.569400024E2,2.099999905E0,1.839999962E1
4.865274705E1,4.079115500E1,1.675204167E1,5.061634523E2,2.275586843E0,1.503600006E2,2.200000048E0,1.670000076E1
4.965274705E1,4.079112500E1,1.675206500E1,5.058635935E2,2.638980865E0,1.487599945E2,2.299999952E0,1.739999962E1
5.065274705E1,4.079109000E1,1.675208667E1,5.051637403E2,3.030684471E0,1.510000000E2,2.299999952E0,1.789999962E1
5.165274705E1,4.079105833E1,1.675210167E1,5.045638583E2,3.329738140E0,1.577799988E2,2.299999952E0,1.800000000E1
5.265274705E1,4.079103000E1,1.675211833E1,5.039639743E2,3.504743576E0,1.587700043E2,2.500000000E0,1.889999962E1
5.365274705E1,4.079100000E1,1.675213500E1,5.031640940E2,3.598423004E0,1.580399933E2,2.599999905E0,2.020000076E1
5.465274705E1,4.079096833E1,1.675215333E1,5.024642228E2,3.647321701E0,1.539499969E2,2.700000048E0,2.120000076E1
5.565274705E1,4.079094667E1,1.675217000E1,5.016643241E2,3.544891834E0,1.522899933E2,2.700000048E0,2.179999924E1
5.665274705E1,4.079093333E1,1.675218500E1,5.010644018E2,3.367827415E0,1.470399933E2,2.599999905E0,2.120000076E1
5.765274705E1,4.079091500E1,1.675219500E1,5.002644744E2,3.123849154E0,1.696999969E2,2.299999952E0,1.729999924E1
5.865274705E1,4.079089667E1,1.675220667E1,4.998645523E2,2.862884998E0,1.593399963E2,2.099999905E0,1.580000019E1
5.965274705E1,4.079087500E1,1.675222333E1,4.999646536E2,2.667805195E0,1.702500000E2,2.000000000E0,1.569999981E1
6.065274705E1,4.079085000E1,1.675223500E1,5.001647462E2,2.449563026E0,1.706699982E2,2.000000000E0,1.620000076E1
6.165274705E1,4.079081667E1,1.675223000E1,4.987648035E2,2.402723312E0,1.860899963E2,2.000000000E0,1.650000000E1
6.265274705E1,4.079078000E1,1.675221833E1,4.972648466E2,2.409414768E0,1.919900055E2,2.099999905E0,1.639999962E1
6.365274705E1,4.079074500E1,1.675220167E1,4.959648700E2,2.466034174E0,1.973699951E2,2.099999905E0,1.629999924E1
6.465274705E1,4.079070833E1,1.675218167E1,4.950648862E2,2.557654619E0,2.047200012E2,2.099999905E0,1.750000000E1
6.565274705E1,4.079067167E1,1.675215333E1,4.937648757E2,2.820163012E0,2.093699951E2,2.000000000E0,1.760000038E1
6.665274705E1,4.079063333E1,1.675211667E1,4.930648420E2,3.194880724E0,2.117299957E2,2.099999905E0,1.720000076E1
6.765274705E1,4.079059667E1,1.675208333E1,4.927648153E2,3.706000090E0,2.101699982E2,2.200000048E0,1.789999962E1
6.865274705E1,4.079055000E1,1.675205000E1,4.925648107E2,4.146087646E0,2.035899963E2,2.099999905E0,1.600000000E1
6.965274705E1,4.079050833E1,1.675202167E1,4.921648111E2,4.454920769E0,2.036999969E2,2.000000000E0,1.589999962E1
7.065274705E1,4.079045667E1,1.675199833E1,4.922648497E2,4.773533821E0,2.019499969E2,2.000000000E0,1.580000019E1
7.165274705E1,4.079040167E1,1.675197333E1,4.923648903E2,5.045822144E0,2.021300049E2,2.099999905E0,1.610000038E1
7.265274705E1,4.079034500E1,1.675195167E1,4.924649452E2,5.283108711E0,2.006199951E2,2.099999905E0,1.629999924E1
7.365274705E1,4.079028500E1,1.675192833E1,4.926650021E2,5.475615025E0,2.011900024E2,2.200000048E0,1.589999962E1
7.465274705E1,4.079023000E1,1.675191667E1,4.930650856E2,5.590397835E0,1.993800049E2,2.200000048E0,1.610000038E1
7.565274705E1,4.079017333E1,1.675191000E1,4.934651889E2,5.653708935E0,1.967899933E2,2.200000048E0,1.650000000E1
7.665274705E1,4.079012000E1,1.675188833E1,4.939652365E2,5.717534542E0,1.937700043E2,2.099999905E0,1.580000019E1
7.765274705E1,4.079007167E1,1.675186667E1,4.944652731E2,5.634149551E0,1.927299957E2,2.000000000E0,1.539999962E1
7.865274705E1,4.079002167E1,1.675184500E1,4.952653134E2,5.620766640E0,1.947700043E2,2.099999905E0,1.510000038E1
7.965274705E1,4.078997500E1,1.675183333E1,4.950653785E2,5.671724319E0,1.933500061E2,2.400000095E0,1.600000000E1
8.065274705E1,4.078992833E1,1.675182333E1,4.948654490E2,5.665547371E0,1.892599945E2,2.500000000E0,1.689999962E1
8.165274705E1,4.078987833E1,1.675181167E1,4.947655215E2,5.631576061E0,1.896300049E2,2.599999905E0,1.820000076E1
8.265274705E1,4.078982833E1,1.675180000E1,4.946655940E2,5.573412418E0,1.887400055E2,2.700000048E0,1.850000000E1
8.365274705E1,4.078978167E1,1.675178833E1,4.950656591E2,5.495174408E0,1.927799988E2,2.700000048E0,1.800000000E1
8.465274705E1,4.078972667E1,1.675177833E1,4.954657480E2,5.553338051E0,1.888099976E2,2.700000048E0,1.829999924E1
8.565274705E1,4.078967333E1,1.675177167E1,4.957658439E2,5.612016201E0,1.870899963E2,2.700000048E0,1.839999962E1
8.665274705E1,4.078961167E1,1.675176500E1,4.949659582E2,5.699004650E0,1.883500061E2,2.299999952E0,1.650000000E1
8.765274705E1,4.078954833E1,1.675175167E1,4.954660546E2,5.844670773E0,1.865899963E2,2.099999905E0,1.660000038E1
8.865274705E1,4.078948833E1,1.675174333E1,4.949661599E2,5.982616425E0,1.873899994E2,2.099999905E0,1.639999962E1
8.965274705E1,4.078942667E1,1.675174500E1,4.943663010E2,6.129312038E0,1.853999939E2,2.000000000E0,1.610000038E1
9.065274705E1,4.078936333E1,1.675173333E1,4.950664028E2,7.337880135E0,1.880800018E2,2.200000048E0,1.629999924E1
9.165274705E1,4.078930333E1,1.675172667E1,4.953665134E2,6.898821831E0,1.863500061E2,2.000000000E0,1.679999924E1
9.265274705E1,4.078924167E1,1.675171833E1,4.963666223E2,6.722786903E0,1.864600067E2,2.000000000E0,1.729999924E1
9.365274705E1,4.078919167E1,1.675172000E1,4.959667377E2,6.556531429E0,1.841799927E2,1.899999976E0,1.770000076E1
9.465274705E1,4.078913833E1,1.675172500E1,4.957668712E2,6.445866585E0,1.780899963E2,1.799999952E0,1.820000076E1
9.565274705E1,4.078907500E1,1.675172167E1,4.961669999E2,6.287332058E0,1.781100006E2,1.799999952E0,1.839999962E1
9.665274705E1,4.078901833E1,1.675172167E1,4.969671246E2,5.890995979E0,1.775599976E2,1.700000048E0,1.850000000E1
9.765274705E1,4.078896833E1,1.675171667E1,4.970672186E2,5.876583576E0,1.801000061E2,2.000000000E0,1.929999924E1
9.865274705E1,4.078891667E1,1.675171833E1,4.966673376E2,5.967174530E0,1.793300018E2,1.899999976E0,2.079999924E1
9.965274705E1,4.078886500E1,1.675171833E1,4.961674514E2,6.170489788E0,1.794799957E2,1.799999952E0,2.110000038E1
1.006527470E2,4.078881500E1,1.675171833E1,4.958675614E2,5.954306602E0,1.846399994E2,1.799999952E0,2.189999962E1
1.016527470E2,4.078876333E1,1.675171667E1,4.951676698E2,6.127253532E0,1.845899963E2,1.700000048E0,2.289999962E1
1.026527470E2,4.078870833E1,1.675171500E1,4.950677855E2,6.115414619E0,1.852700043E2,2.099999905E0,2.400000000E1
1.036527470E2,4.078865000E1,1.675170333E1,4.949678763E2,5.967689514E0,1.890000000E2,2.000000000E0,2.150000000E1
1.046527470E2,4.078859333E1,1.675169333E1,4.943679688E2,6.170489788E0,1.898899994E2,1.899999976E0,2.139999962E1
1.056527470E2,4.078853833E1,1.675167333E1,4.940680255E2,6.084016800E0,1.957400055E2,1.799999952E0,1.770000076E1
1.066527470E2,4.078848333E1,1.675165833E1,4.929680983E2,6.106149673E0,1.955800018E2,2.000000000E0,1.760000038E1
1.076527470E2,4.078843167E1,1.675163500E1,4.925681369E2,6.361452103E0,1.973500061E2,1.899999976E0,1.810000038E1
1.086527470E2,4.078837500E1,1.675160667E1,4.925681704E2,6.528222084E0,1.998600006E2,1.799999952E0,1.839999962E1
1.096527470E2,4.078831833E1,1.675157667E1,4.926681986E2,6.786612511E0,1.986699982E2,1.799999952E0,1.910000038E1
1.106527470E2,4.078825500E1,1.675155167E1,4.921682575E2,6.654843807E0,1.971199951E2,2.000000000E0,1.910000038E1
1.116527470E2,4.078819500E1,1.675152167E1,4.920682930E2,6.678006172E0,1.975399933E2,2.000000000E0,1.939999962E1
1.126527470E2,4.078812500E1,1.675148667E1,4.923683344E2,6.991986752E0,1.980800018E2,2.000000000E0,2.020000076E1
1.136527470E2,4.078806333E1,1.675145833E1,4.918683789E2,6.956470966E0,1.982899933E2,1.899999976E0,2.000000000E1
1.146527470E2,4.078800333E1,1.675143333E1,4.916684305E2,6.872056484E0,1.991000061E2,1.799999952E0,1.970000076E1
1.156527470E2,4.078794000E1,1.675140333E1,4.914684734E2,6.874115467E0,2.018999939E2,1.700000048E0,1.950000000E1
1.166527470E2,4.078787667E1,1.675137500E1,4.911685216E2,6.978603840E0,2.033200073E2,1.899999976E0,1.850000000E1
1.176527470E2,4.078780667E1,1.675134167E1,4.914685684E2,6.985809803E0,2.003999939E2,2.000000000E0,1.889999962E1
1.186527470E2,4.078773833E1,1.675131333E1,4.916686276E2,7.016178608E0,2.007500000E2,1.899999976E0,1.850000000E1
1.196527470E2,4.078767833E1,1.675128833E1,4.919686792E2,7.219493866E0,1.979199982E2,1.799999952E0,1.839999962E1
1.206527470E2,4.078761167E1,1.675125167E1,4.923687079E2,7.793409348E0,1.996199951E2,1.899999976E0,1.800000000E1
1.216527470E2,4.078754833E1,1.675120667E1,4.924687025E2,7.810394764E0,1.985000000E2,1.899999976E0,1.870000076E1
1.226527470E2,4.078747500E1,1.675118500E1,4.927687942E2,8.164524078E0,2.010200043E2,1.899999976E0,1.829999924E1
1.236527470E2,4.078740500E1,1.675115833E1,4.931688625E2,8.189230919E0,2.001000061E2,1.899999976E0,1.850000000E1
1.246527470E2,4.078733500E1,1.675113000E1,4.988689254E2,8.611302376E0,2.022299957E2,1.899999976E0,1.900000000E1
1.256527470E2,4.078725500E1,1.675108833E1,5.012689674E2,9.117274284E0,2.028699951E2,1.899999976E0,1.670000076E1
1.266527470E2,4.078717833E1,1.675104500E1,5.025689967E2,9.250587463E0,2.021600037E2,1.799999952E0,1.589999962E1
1.276527470E2,4.078709833E1,1.675100667E1,5.032690494E2,9.516184807E0,2.016900024E2,1.799999952E0,1.589999962E1
1.286527470E2,4.078701500E1,1.675095833E1,5.036690773E2,9.790531158E0,1.992500000E2,1.899999976E0,1.560000038E1
1.296527470E2,4.078693667E1,1.675091500E1,5.039691103E2,9.529052734E0,1.989700012E2,2.000000000E0,1.569999981E1
1.306527470E2,4.078685833E1,1.675087833E1,5.042691647E2,9.720529556E0,1.990000000E2,2.000000000E0,1.600000000E1
1.316527470E2,4.078677833E1,1.675084500E1,5.042692336E2,9.493536949E0,1.980399933E2,1.799999952E0,1.670000076E1
1.326527470E2,4.078669667E1,1.675080500E1,5.042692846E2,9.406033516E0,1.989299927E2,1.899999976E0,1.760000038E1
1.336527470E2,4.078661167E1,1.675076167E1,5.043693323E2,9.433829308E0,1.993099976E2,1.899999976E0,1.789999962E1
1.346527470E2,4.078652500E1,1.675072500E1,5.047694051E2,9.464197159E0,1.984299927E2,1.899999976E0,1.720000076E1
1.356527470E2,4.078644333E1,1.675069000E1,5.045694723E2,9.500227928E0,1.994400024E2,1.899999976E0,1.710000038E1
1.366527470E2,4.078636500E1,1.675065167E1,5.042695214E2,9.504345894E0,1.987400055E2,2.000000000E0,1.660000038E1
1.376527470E2,4.078628500E1,1.675061000E1,5.041695634E2,9.705087662E0,1.982100067E2,2.000000000E0,1.689999962E1
1.386527470E2,4.078620167E1,1.675057167E1,5.041696235E2,9.735456467E0,1.993099976E2,2.000000000E0,1.700000000E1
1.396527470E2,4.078611333E1,1.675053667E1,5.042697054E2,1.013488102E1,1.995800018E2,2.000000000E0,1.760000038E1
1.406527470E2,4.078602833E1,1.675049500E1,5.044697585E2,1.014414597E1,2.010500031E2,2.000000000E0,1.810000038E1
1.416527470E2,4.078594333E1,1.675046000E1,5.045698330E2,1.014877796E1,2.026900024E2,2.000000000E0,1.829999924E1
1.426527470E2,4.078585833E1,1.675041500E1,5.045698753E2,1.013951302E1,2.045399933E2,1.899999976E0,1.839999962E1
1.436527470E2,4.078577667E1,1.675035667E1,5.044698674E2,1.039687443E1,2.056000061E2,1.799999952E0,1.860000038E1
1.446527470E2,4.078569500E1,1.675030167E1,5.034698703E2,1.038246155E1,2.056100006E2,2.000000000E0,1.870000076E1
1.456527470E2,4.078560667E1,1.675025000E1,5.025698985E2,1.063724899E1,2.051900024E2,2.000000000E0,1.850000000E1
1.466527470E2,4.078552000E1,1.675019167E1,5.013699017E2,1.043084621E1,2.062400055E2,2.000000000E0,1.870000076E1
1.476527470E2,4.078543833E1,1.675014000E1,5.001699152E2,1.042055130E1,2.074400024E2,1.899999976E0,1.720000076E1
1.486527470E2,4.078535667E1,1.675007667E1,4.990698913E2,1.020127964E1,2.077899933E2,1.899999976E0,1.689999962E1
1.496527470E2,4.078527167E1,1.675002500E1,4.977699122E2,1.032635689E1,2.081799927E2,1.899999976E0,1.519999981E1
1.506527470E2,4.078518833E1,1.674996333E1,4.973698973E2,1.029084110E1,2.096900024E2,1.899999976E0,1.510000038E1
1.516527470E2,4.078511167E1,1.674989667E1,4.966698516E2,1.012613010E1,2.103300018E2,1.799999952E0,1.439999962E1
1.526527470E2,4.078503333E1,1.674984167E1,4.963698472E2,9.942889214E0,2.112200012E2,1.799999952E0,1.389999962E1
1.536527470E2,4.078495333E1,1.674978333E1,4.961698357E2,9.742147446E0,2.112599945E2,1.799999952E0,1.369999981E1
1.546527470E2,4.078488167E1,1.674972667E1,4.962698112E2,9.412725449E0,2.118099976E2,1.799999952E0,1.300000000E1
1.556527470E2,4.078480833E1,1.674967167E1,4.964697957E2,9.140437126E0,2.123300018E2,2.000000000E0,1.339999962E1
1.566527470E2,4.078474167E1,1.674961333E1,4.964697549E2,8.986020088E0,2.128000031E2,1.799999952E0,1.350000000E1
1.576527470E2,4.078467333E1,1.674955500E1,4.964697177E2,8.956681252E0,2.144900055E2,1.799999952E0,1.389999962E1
1.586527470E2,4.078460167E1,1.674949500E1,4.963696825E2,9.222277641E0,2.151799927E2,1.799999952E0,1.400000000E1
1.596527470E2,4.078453500E1,1.674942333E1,4.967695988E2,9.353531837E0,2.164499969E2,1.799999952E0,1.360000038E1
1.606527470E2,4.078447000E1,1.674935333E1,4.970695167E2,9.362282753E0,2.177299957E2,1.799999952E0,1.319999981E1
1.616527470E2,4.078440833E1,1.674928833E1,4.970694434E2,9.543979645E0,2.173099976E2,1.799999952E0,1.310000038E1
1.626527470E2,4.078434333E1,1.674921333E1,4.972693453E2,9.689130783E0,2.183099976E2,1.799999952E0,1.319999981E1
1.636527470E2,4.078427500E1,1.674914167E1,4.973692653E2,9.709719658E0,2.189199982E2,1.799999952E0,1.280000019E1
1.646527470E2,4.078420500E1,1.674907500E1,4.974692050E2,9.874945641E0,2.192400055E2,1.799999952E0,1.289999962E1
1.656527470E2,4.078413667E1,1.674900167E1,4.979691196E2,9.902226448E0,2.191000061E2,1.799999952E0,1.310000038E1
1.666527470E2,4.078406500E1,1.674892667E1,4.977690362E2,1.000259686E1,2.194400024E2,1.799999952E0,1.289999962E1
1.676527470E2,4.078400167E1,1.674885167E1,4.975689344E2,9.885240555E0,2.195599976E2,1.799999952E0,1.289999962E1
1.686527470E2,4.078393333E1,1.674877333E1,4.970688329E2,9.556847572E0,2.197200012E2,1.799999952E0,1.269999981E1
1.696527470E2,4.078386667E1,1.674870667E1,4.970687653E2,9.305148125E0,2.183300018E2,1.799999952E0,1.269999981E1
1.706527470E2,4.078380167E1,1.674864000E1,4.974686941E2,8.162980080E0,2.190800018E2,1.799999952E0,1.269999981E1
1.716527470E2,4.078375000E1,1.674858167E1,4.974686202E2,7.183463097E0,2.191999969E2,1.799999952E0,1.289999962E1
1.726527470E2,4.078370000E1,1.674852833E1,4.971685588E2,6.958014965E0,2.186399994E2,1.799999952E0,1.269999981E1
1.736527470E2,4.078365167E1,1.674847667E1,4.968684991E2,6.782494545E0,2.190800018E2,1.799999952E0,1.269999981E1
1.746527470E2,4.078360500E1,1.674842167E1,4.966684250E2,6.802568913E0,2.189299927E2,1.799999952E0,1.260000038E1
1.756527470E2,4.078355667E1,1.674837667E1,4.968683867E2,7.006398678E0,2.191399994E2,1.799999952E0,1.260000038E1
1.766527470E2,4.078350833E1,1.674833167E1,4.964683485E2,6.793818474E0,2.184199982E2,1.700000048E0,1.250000000E1
1.776527470E2,4.078346167E1,1.674828167E1,4.961682904E2,7.078974724E0,2.191300049E2,1.700000048E0,1.239999962E1
1.786527470E2,4.078341333E1,1.674822667E1,4.957682200E2,7.405823231E0,2.186199951E2,1.700000048E0,1.210000038E1
1.796527470E2,4.078336333E1,1.674817167E1,4.953681533E2,7.507738113E0,2.195800018E2,1.700000048E0,1.060000038E1
1.806527470E2,4.078331333E1,1.674811333E1,4.950680758E2,7.633845329E0,2.193999939E2,1.700000048E0,1.039999962E1
1.816527470E2,4.078325667E1,1.674805500E1,4.950680130E2,7.768702507E0,2.193200073E2,1.700000048E0,1.030000019E1
1.826527470E2,4.078319833E1,1.674799500E1,4.946679485E2,7.868558407E0,2.185399933E2,1.700000048E0,1.039999962E1
1.836527470E2,4.078314167E1,1.674793333E1,4.945678750E2,7.787747383E0,2.184299927E2,1.700000048E0,1.060000038E1
1.846527470E2,4.078308167E1,1.674787500E1,4.940678196E2,7.703847408E0,2.195500031E2,1.700000048E0,1.080000019E1
1.856527470E2,4.078302667E1,1.674782000E1,4.945677639E2,7.675023079E0,2.202400055E2,1.700000048E0,1.060000038E1
1.866527470E2,4.078297833E1,1.674775833E1,4.947676721E2,7.697670937E0,2.200599976E2,1.700000048E0,1.069999981E1
1.876527470E2,4.078292500E1,1.674769667E1,4.948675912E2,7.733186722E0,2.191199951E2,1.700000048E0,1.069999981E1
1.886527470E2,4.078286500E1,1.674764000E1,4.951675412E2,7.965326309E0,2.188099976E2,1.700000048E0,1.060000038E1
1.896527470E2,4.078280333E1,1.674758333E1,4.953674948E2,7.952458382E0,2.182400055E2,1.700000048E0,1.100000000E1
1.906527470E2,4.078274500E1,1.674752333E1,4.950674304E2,8.099668503E0,2.184600067E2,1.700000048E0,1.089999962E1
1.916527470E2,4.078269167E1,1.674746500E1,4.944673603E2,8.121287346E0,2.191300049E2,1.700000048E0,1.089999962E1
1.926527470E2,4.078264000E1,1.674740667E1,4.942672865E2,8.157832146E0,2.186300049E2,1.700000048E0,1.060000038E1
1.936527470E2,4.078258833E1,1.674734667E1,4.942672074E2,7.946796417E0,2.186999969E2,1.700000048E0,1.080000019E1
1.946527470E2,4.078253167E1,1.674729000E1,4.943671500E2,7.529356480E0,2.181799927E2,1.700000048E0,1.039999962E1
1.956527470E2,4.078248000E1,1.674723833E1,4.934670977E2,6.882865429E0,2.171699982E2,1.700000048E0,1.000000000E1
1.966527470E2,4.078242667E1,1.674719833E1,4.934670866E2,6.008352280E0,2.024299927E2,1.700000048E0,1.030000019E1
1.976527470E2,4.078237500E1,1.674718167E1,4.926671469E2,5.089573383E0,1.888500061E2,1.799999952E0,1.069999981E1
1.986527470E2,4.078233167E1,1.674719167E1,4.925672745E2,4.638162136E0,1.691499939E2,1.799999952E0,1.069999981E1
1.996527470E2,4.078230000E1,1.674723333E1,4.926674783E2,4.308225155E0,1.464100037E2,1.799999952E0,1.119999981E1
2.006527470E2,4.078228333E1,1.674729667E1,4.927677187E2,4.951113224E0,1.130400009E2,1.799999952E0,1.180000019E1
2.016527470E2,4.078227167E1,1.674737000E1,4.928679802E2,6.218873978E0,1.039800034E2,1.799999952E0,1.219999981E1
2.026527470E2,4.078226000E1,1.674744667E1,4.933682525E2,6.564767361E0,1.028899994E2,1.799999952E0,1.200000000E1
2.036527470E2,4.078224833E1,1.674752667E1,4.943685354E2,6.998678207E0,1.021100006E2,1.700000048E0,1.130000019E1
2.046527470E2,4.078223333E1,1.674761167E1,4.952688418E2,7.374425411E0,1.019199982E2,1.700000048E0,1.139999962E1
2.056527470E2,4.078222167E1,1.674770000E1,4.953691516E2,7.191699028E0,1.009400024E2,1.700000048E0,1.100000000E1
2.066527470E2,4.078220833E1,1.674779833E1,4.960694972E2,7.561784267E0,1.010500031E2,1.700000048E0,1.050000000E1
2.076527470E2,4.078219333E1,1.674789333E1,4.971698357E2,8.043563843E0,1.006299973E2,1.700000048E0,1.019999981E1
2.086527470E2,4.078218000E1,1.674799000E1,4.974701760E2,8.231952667E0,1.003099976E2,1.700000048E0,9.899999619E0
2.096527470E2,4.078216833E1,1.674808833E1,4.973705179E2,8.547476768E0,9.986000061E1,1.700000048E0,9.800000191E0
2.106527470E2,4.078215500E1,1.674818833E1,4.974708688E2,8.724541664E0,1.005500031E2,1.700000048E0,9.800000191E0
2.116527470E2,4.078213833E1,1.674829333E1,4.976712432E2,8.997859001E0,1.004000015E2,1.700000048E0,9.699999809E0
2.126527470E2,4.078212500E1,1.674840167E1,4.982716209E2,9.281471252E0,9.940000153E1,1.700000048E0,9.800000191E0
2.136527470E2,4.078211333E1,1.674851667E1,4.981720164E2,9.601113319E0,9.862000275E1,1.799999952E0,1.000000000E1
2.146527470E2,4.078210500E1,1.674863000E1,4.984723993E2,9.898108482E0,9.784999847E1,1.799999952E0,1.010000038E1
2.156527470E2,4.078209667E1,1.674874500E1,4.980727874E2,1.014414597E1,9.673000336E1,1.799999952E0,1.019999981E1
2.166527470E2,4.078208167E1,1.674886333E1,4.978732010E2,1.025738430E1,9.583999634E1,1.799999952E0,1.039999962E1
2.176527470E2,4.078207500E1,1.674898500E1,4.976736069E2,1.026459026E1,9.530000305E1,1.799999952E0,1.030000019E1
2.186527470E2,4.078206833E1,1.674911167E1,4.976740289E2,1.051165676E1,9.500000000E1,1.799999952E0,1.030000019E1
2.196527470E2,4.078206667E1,1.674923500E1,4.976744292E2,1.070622253E1,9.308999634E1,1.799999952E0,1.060000038E1
2.206527470E2,4.078206000E1,1.674936000E1,4.978748458E2,1.071857548E1,9.220999908E1,1.799999952E0,1.069999981E1
2.216527470E2,4.078205667E1,1.674948833E1,4.978752659E2,1.074791431E1,9.083999634E1,1.799999952E0,1.100000000E1
2.226527470E2,4.078205500E1,1.674961667E1,4.980756822E2,1.074842930E1,8.991999817E1,1.799999952E0,1.150000000E1
2.236527470E2,4.078205500E1,1.674974500E1,4.983760949E2,1.072011948E1,8.920999908E1,1.700000048E0,1.139999962E1
2.246527470E2,4.078205667E1,1.674987500E1,4.993765093E2,1.055386448E1,8.790000153E1,1.799999952E0,1.119999981E1
2.256527470E2,4.078206000E1,1.675000667E1,4.999769253E2,1.057857132E1,8.686000061E1,1.799999952E0,1.089999962E1
2.266527470E2,4.078206833E1,1.675013500E1,5.003773196E2,1.045349407E1,8.537000275E1,1.799999952E0,1.110000038E1
2.276527470E2,4.078207667E1,1.675025500E1,5.006776872E2,1.047922993E1,8.526000214E1,1.799999952E0,1.110000038E1
2.286527470E2,4.078208833E1,1.675037167E1,5.008780367E2,1.048746490E1,8.458999634E1,1.799999952E0,1.130000019E1
2.296527470E2,4.078210333E1,1.675048833E1,5.010783788E2,1.029804707E1,8.391000366E1,1.799999952E0,1.100000000E1
2.306527470E2,4.078211667E1,1.675060833E1,5.014787353E2,9.826561928E0,8.383999634E1,1.799999952E0,1.039999962E1
2.316527470E2,4.078212667E1,1.675072167E1,5.013790778E2,9.395739555E0,8.351000214E1,1.799999952E0,1.050000000E1
2.326527470E2,4.078213500E1,1.675083333E1,5.013794185E2,8.945357323E0,8.380000305E1,1.799999952E0,1.050000000E1
2.336527470E2,4.078214000E1,1.675093500E1,5.011797344E2,8.606155396E0,8.438999939E1,1.799999952E0,1.039999962E1
2.346527470E2,4.078214333E1,1.675102833E1,5.011800272E2,8.203127861E0,8.702999878E1,1.700000048E0,9.699999809E0
2.356527470E2,4.078213833E1,1.675112500E1,5.006803491E2,7.996209621E0,9.151999664E1,1.799999952E0,9.699999809E0
2.366527470E2,4.078213000E1,1.675122000E1,5.002806729E2,7.703847408E0,9.605999756E1,1.799999952E0,9.899999619E0
2.376527470E2,4.078212000E1,1.675130833E1,5.002809790E2,7.671934605E0,9.643000031E1,1.799999952E0,9.899999619E0
2.386527470E2,4.078212167E1,1.675139500E1,4.997812540E2,7.519062042E0,8.101000214E1,1.700000048E0,9.600000381E0
2.396527470E2,4.078214833E1,1.675147667E1,4.991814580E2,7.756349087E0,6.915000153E1,1.799999952E0,1.030000019E1
2.406527470E2,4.078218333E1,1.675155833E1,4.990816435E2,8.340559006E0,6.043000031E1,1.799999952E0,9.899999619E0
2.416527470E2,4.078222167E1,1.675164667E1,4.995818432E2,8.812559128E0,6.224000168E1,1.799999952E0,9.899999619E0
2.426527470E2,4.078226000E1,1.675174500E1,5.002820751E2,9.371032715E0,6.676000214E1,1.899999976E0,9.699999809E0
2.436527470E2,4.078229500E1,1.675185167E1,5.000823410E2,9.884210587E0,6.904000092E1,1.799999952E0,9.899999619E0
2.446527470E2,4.078233000E1,1.675196667E1,4.997826338E2,1.032738686E1,7.230999756E1,1.799999952E0,9.800000191E0
2.456527470E2,4.078235667E1,1.675208500E1,4.993829557E2,1.060276318E1,7.487999725E1,1.899999976E0,9.500000000E0
2.466527470E2,4.078237500E1,1.675221167E1,4.990833227E2,1.137896442E1,7.594000244E1,1.799999952E0,9.500000000E0
2.476527470E2,4.078239833E1,1.675235000E1,4.988837162E2,1.191581917E1,7.523000336E1,1.799999952E0,9.800000191E0
2.486527470E2,4.078242500E1,1.675249167E1,4.980841131E2,1.246193981E1,7.441999817E1,1.899999976E0,9.899999619E0
2.496527470E2,4.078245000E1,1.675263667E1,4.971845244E2,1.287577629E1,7.423000336E1,1.799999952E0,1.000000000E1
2.506527470E2,4.078248167E1,1.675278500E1,4.966849317E2,1.318563938E1,7.287000275E1,1.799999952E0,9.699999809E0
2.516527470E2,4.078252000E1,1.675293667E1,4.966853351E2,1.359844685E1,6.998999786E1,1.799999952E0,9.399999619E0
2.526527470E2,4.078256667E1,1.675309000E1,4.968857256E2,1.397882652E1,6.679000092E1,1.799999952E0,9.300000191E0
2.536527470E2,4.078262500E1,1.675324667E1,4.974861011E2,1.419809818E1,6.418000031E1,1.799999952E0,9.199999809E0
2.546527470E2,4.078268333E1,1.675340000E1,4.980864658E2,1.495422459E1,6.240000153E1,1.799999952E0,9.399999619E0
2.556527470E2,4.078274833E1,1.675355667E1,4.982868267E2,1.568924809E1,5.909000015E1,1.799999952E0,9.300000191E0
2.566527470E2,4.078282500E1,1.675372167E1,4.983871887E2,1.666155815E1,5.677000046E1,1.799999952E0,9.500000000E0
2.576527470E2,4.078291500E1,1.675389833E1,4.995875589E2,1.752783585E1,5.391999817E1,1.700000048E0,9.500000000E0
2.586527470E2,4.078301333E1,1.675406167E1,4.992878679E2,1.821807861E1,5.009000015E1,1.799999952E0,9.600000381E0
2.596527470E2,4.078313167E1,1.675422167E1,4.992881222E2,1.855110359E1,4.727000046E1,1.799999952E0,9.500000000E0
2.606527470E2,4.078324667E1,1.675438167E1,4.980883838E2,1.838330460E1,4.415999985E1,1.799999952E0,9.399999619E0
2.616527470E2,4.078337167E1,1.675452833E1,4.970885806E2,1.879559708E1,4.111000061E1,2.000000000E0,9.500000000E0
2.626527470E2,4.078350167E1,1.675467000E1,4.961887504E2,1.925833130E1,3.879999924E1,1.899999976E0,9.699999809E0
2.636527470E2,4.078364000E1,1.675481167E1,4.954889018E2,1.969378662E1,3.806000137E1,1.899999976E0,9.800000191E0
2.646527470E2,4.078378000E1,1.675495833E1,4.959890656E2,2.018843460E1,3.831000137E1,1.899999976E0,9.300000191E0
2.656527470E2,4.078392333E1,1.675511000E1,4.956892383E2,2.061874199E1,3.906000137E1,1.899999976E0,9.500000000E0
2.666527470E2,4.078407000E1,1.675526167E1,4.951894036E2,2.106912422E1,3.856000137E1,1.899999976E0,9.399999619E0
2.676527470E2,4.078421833E1,1.675542000E1,4.944895868E2,2.137847328E1,3.806999969E1,1.899999976E0,9.399999619E0
2.686527470E2,4.078437500E1,1.675558333E1,4.934897677E2,2.203628731E1,3.868999863E1,1.899999976E0,9.699999809E0
2.696527470E2,4.078453167E1,1.675574667E1,4.923899486E2,2.266270447E1,3.841999817E1,1.899999976E0,9.800000191E0
2.706527470E2,4.078469333E1,1.675591667E1,4.916901401E2,2.316507339E1,3.861999893E1,1.899999976E0,9.500000000E0
2.716527470E2,4.078486000E1,1.675608500E1,4.907903152E2,2.307190895E1,3.865999985E1,1.899999976E0,9.600000381E0
2.726527470E2,4.078502167E1,1.675625833E1,4.902905174E2,2.304308510E1,3.868000031E1,2.000000000E0,9.899999619E0
2.736527470E2,4.078518667E1,1.675642333E1,4.893906855E2,2.302249527E1,3.845000076E1,2.000000000E0,9.899999619E0
2.746527470E2,4.078535000E1,1.675659167E1,4.885908681E2,2.281403351E1,3.863000107E1,2.000000000E0,1.000000000E1
2.756527470E2,4.078550833E1,1.675676000E1,4.877910616E2,2.263491058E1,3.875000000E1,1.899999976E0,9.600000381E0
2.766527470E2,4.078567000E1,1.675692500E1,4.869912372E2,2.214746857E1,3.931999969E1,2.000000000E0,9.800000191E0
2.776527470E2,4.078581667E1,1.675709167E1,4.852914511E2,2.146803474E1,4.129999924E1,1.799999952E0,9.899999619E0
2.786527470E2,4.078594833E1,1.675726000E1,4.848917033E2,2.071293640E1,4.379000092E1,1.899999976E0,9.899999619E0
2.796527470E2,4.078606833E1,1.675744500E1,4.836920349E2,2.036807251E1,4.858000183E1,1.899999976E0,9.899999619E0
2.806527470E2,4.078618000E1,1.675762833E1,4.820923794E2,2.038557434E1,5.356999969E1,1.799999952E0,9.899999619E0
2.816527470E2,4.078628500E1,1.675782500E1,4.815927815E2,2.003710747E1,5.897000122E1,1.799999952E0,9.699999809E0
2.826527470E2,4.078637833E1,1.675803833E1,4.806932629E2,2.018380165E1,6.377000046E1,1.899999976E0,9.899999619E0
2.836527470E2,4.078645833E1,1.675825500E1,4.798937844E2,2.062337494E1,6.826999664E1,1.799999952E0,9.100000381E0
2.846527470E2,4.078652000E1,1.675849000E1,4.796944051E2,2.076080704E1,7.298000336E1,1.799999952E0,9.100000381E0
2.856527470E2,4.078656000E1,1.675873333E1,4.780951003E2,2.049572372E1,7.588999939E1,1.799999952E0,9.199999809E0
2.866527470E2,4.078659667E1,1.675896333E1,4.761957600E2,1.974680328E1,7.684999847E1,1.700000048E0,9.000000000E0
2.876527470E2,4.078663500E1,1.675918000E1,4.748963730E2,1.857066345E1,7.672000122E1,1.799999952E0,9.000000000E0
2.886527470E2,4.078667000E1,1.675938667E1,4.739969612E2,1.725091553E1,7.633000183E1,1.700000048E0,9.199999809E0
2.896527470E2,4.078670833E1,1.675957333E1,4.734974778E2,1.617102814E1,7.668000031E1,1.799999952E0,9.500000000E0
2.906527470E2,4.078673833E1,1.675974667E1,4.733979697E2,1.520335007E1,7.737999725E1,1.799999952E0,9.199999809E0
2.916527470E2,4.078677167E1,1.675991833E1,4.739984489E2,1.429640961E1,7.756999969E1,1.799999952E0,9.399999619E0
2.926527470E2,4.078679500E1,1.676007833E1,4.737989126E2,1.324843502E1,7.843000031E1,1.799999952E0,9.100000381E0
2.936527470E2,4.078681167E1,1.676023167E1,4.735993695E2,1.231987667E1,7.991000366E1,1.799999952E0,9.300000191E0
2.946527470E2,4.078683000E1,1.676037000E1,4.734997744E2,1.118542862E1,8.077999878E1,1.799999952E0,9.199999809E0
2.956527470E2,4.078684500E1,1.676049333E1,4.733001384E2,9.769942284E0,8.325000000E1,1.799999952E0,9.100000381E0
2.966527470E2,4.078685333E1,1.676060833E1,4.734004902E2,8.386883736E0,8.766999817E1,1.799999952E0,8.600000381E0
2.976527470E2,4.078685167E1,1.676070667E1,4.730008103E2,8.185627937E0,9.726999664E1,1.799999952E0,8.699999809E0
2.986527470E2,4.078683667E1,1.676079500E1,4.728011276E2,8.167097092E0,1.048000031E2,1.799999952E0,8.699999809E0
2.996527470E2,4.078682167E1,1.676088667E1,4.724014555E2,7.756864071E0,9.755000305E1,1.799999952E0,8.500000000E0
3.006527470E2,4.078681333E1,1.676097500E1,4.724017581E2,7.250377178E0,8.526999664E1,1.700000048E0,8.399999619E0
3.016527470E2,4.078683000E1,1.676105667E1,4.720019843E2,7.290525436E0,6.851000214E1,1.700000048E0,8.600000381E0
3.026527470E2,4.078686667E1,1.676113500E1,4.718021559E2,7.462957382E0,5.540000153E1,1.799999952E0,8.899999619E0
3.036527470E2,4.078690500E1,1.676121167E1,4.722023185E2,7.650316238E0,5.995999908E1,1.799999952E0,8.699999809E0
3.046527470E2,4.078694000E1,1.676128833E1,4.729024884E2,7.768702507E0,6.329999924E1,1.799999952E0,8.600000381E0
3.056527470E2,4.078697167E1,1.676137167E1,4.739026871E2,8.106360435E0,6.866999817E1,1.799999952E0,8.699999809E0
3.066527470E2,4.078700000E1,1.676146500E1,4.743029252E2,8.420855522E0,7.265000153E1,1.799999952E0,8.800000191E0
3.076527470E2,4.078701833E1,1.676156167E1,4.739031961E2,8.660716057E0,7.604000092E1,1.700000048E0,8.500000000E0
3.086527470E2,4.078703333E1,1.676166167E1,4.742034850E2,9.240808487E0,7.868000031E1,1.700000048E0,8.800000191E0
3.096527470E2,4.078705000E1,1.676177167E1,4.745038024E2,9.588245392E0,7.951000214E1,1.700000048E0,8.699999809E0
3.106527470E2,4.078706333E1,1.676188833E1,4.739041487E2,1.067173576E1,8.016000366E1,1.700000048E0,8.800000191E0
3.116527470E2,4.078708167E1,1.676201500E1,4.737045161E2,1.140830326E1,8.031999969E1,1.700000048E0,8.899999619E0
3.126527470E2,4.078710333E1,1.676214833E1,4.731048976E2,1.216288567E1,8.011000061E1,1.700000048E0,9.199999809E0
3.136527470E2,4.078712333E1,1.676229500E1,4.725053258E2,1.278467083E1,7.923000336E1,1.700000048E0,9.100000381E0
3.146527470E2,4.078714500E1,1.676245000E1,4.720057771E2,1.340233707E1,7.819000244E1,1.700000048E0,9.199999809E0
3.156527470E2,4.078717167E1,1.676260833E1,4.716062281E2,1.380793858E1,7.659999847E1,1.799999952E0,9.000000000E0
3.166527470E2,4.078720167E1,1.676277500E1,4.713066987E2,1.435817623E1,7.569999695E1,1.799999952E0,9.199999809E0
3.176527470E2,4.078724167E1,1.676294500E1,4.711071581E2,1.500466728E1,7.287999725E1,1.799999952E0,9.300000191E0
3.186527470E2,4.078729000E1,1.676310833E1,4.699075777E2,1.538659096E1,6.891999817E1,1.799999952E0,8.899999619E0
3.196527470E2,4.078734667E1,1.676327667E1,4.696079951E2,1.592396164E1,6.523000336E1,1.799999952E0,9.000000000E0
3.206527470E2,4.078741000E1,1.676344667E1,4.686084033E2,1.637485886E1,6.222999954E1,1.799999952E0,8.500000000E0
3.216527470E2,4.078748167E1,1.676361833E1,4.680087986E2,1.688906479E1,5.938999939E1,1.700000048E0,8.600000381E0
3.226527470E2,4.078756167E1,1.676379833E1,4.674092024E2,1.733893204E1,5.683000183E1,1.799999952E0,8.500000000E0
3.236527470E2,4.078764833E1,1.676397000E1,4.671095648E2,1.735746193E1,5.627999878E1,1.799999952E0,8.500000000E0
3.246527470E2,4.078774167E1,1.676414000E1,4.670099072E2,1.739349365E1,5.534999847E1,1.799999952E0,8.600000381E0
3.256527470E2,4.078783000E1,1.676431000E1,4.667102605E2,1.737444878E1,5.579999924E1,1.799999952E0,8.500000000E0
3.266527470E2,4.078792000E1,1.676448167E1,4.660106157E2,1.729260826E1,5.559999847E1,1.799999952E0,8.600000381E0
3.276527470E2,4.078800833E1,1.676465000E1,4.665109637E2,1.719532585E1,5.520000076E1,1.799999952E0,8.600000381E0
3.286527470E2,4.078810000E1,1.676482167E1,4.666113152E2,1.749798203E1,5.547000122E1,1.899999976E0,8.800000191E0
3.296527470E2,4.078819167E1,1.676499167E1,4.666116614E2,1.766217804E1,5.454999924E1,1.799999952E0,8.899999619E0
3.306527470E2,4.078828167E1,1.676516000E1,4.658120058E2,1.791748047E1,5.404000092E1,1.799999952E0,9.300000191E0
3.316527470E2,4.078837667E1,1.676533000E1,4.650123447E2,1.790049553E1,5.391999817E1,1.799999952E0,9.000000000E0
3.326527470E2,4.078847500E1,1.676549833E1,4.641126709E2,1.815322304E1,5.270000076E1,1.799999952E0,9.399999619E0
3.336527470E2,4.078857167E1,1.676567667E1,4.636130330E2,1.829631615E1,5.095000076E1,1.799999952E0,9.399999619E0
3.346527470E2,4.078867500E1,1.676584833E1,4.628133590E2,1.851404381E1,4.765000153E1,1.899999976E0,9.800000191E0
3.356527470E2,4.078879167E1,1.676600167E1,4.621135967E2,1.872302055E1,4.338999939E1,1.799999952E0,9.600000381E0
3.366527470E2,4.078892167E1,1.676614167E1,4.615137623E2,1.873897743E1,3.688999939E1,2.000000000E0,9.699999809E0
3.376527470E2,4.078906000E1,1.676625667E1,4.615138292E2,1.862059021E1,3.148999977E1,1.899999976E0,9.699999809E0
3.386527470E2,4.078920500E1,1.676636667E1,4.618138654E2,1.851713181E1,3.029999924E1,1.899999976E0,9.899999619E0
3.396527470E2,4.078935000E1,1.676647333E1,4.614138908E2,1.864066505E1,2.784000015E1,2.000000000E0,9.899999619E0
3.406527470E2,4.078950000E1,1.676656667E1,4.611138624E2,1.864684105E1,2.462000084E1,2.000000000E0,1.000000000E1
3.416527470E2,4.078965667E1,1.676665833E1,4.613138140E2,1.854132462E1,2.060000038E1,1.799999952E0,9.300000191E0
3.426527470E2,4.078981000E1,1.676672500E1,4.616136925E2,1.855058861E1,1.713999939E1,1.799999952E0,8.800000191E0
3.436527470E2,4.078996333E1,1.676677667E1,4.621135226E2,1.784284592E1,1.519999981E1,1.799999952E0,9.199999809E0
3.446527470E2,4.079011833E1,1.676682000E1,4.614133223E2,1.667082405E1,1.215999985E1,1.799999952E0,8.899999619E0
3.456527470E2,4.079025833E1,1.676685667E1,4.619131334E2,1.458053684E1,1.031000042E1,1.799999952E0,9.100000381E0
3.466527470E2,4.079037833E1,1.676688833E1,4.624129722E2,1.221641731E1,1.140999985E1,1.799999952E0,8.899999619E0
3.476527470E2,4.079047167E1,1.676691500E1,4.624128534E2,9.618099213E0,1.459000015E1,1.899999976E0,9.199999809E0
3.486527470E2,4.079054167E1,1.676694500E1,4.622127966E2,8.202612877E0,2.470999908E1,1.899999976E0,9.000000000E0
3.496527470E2,4.079059500E1,1.676699167E1,4.618128299E2,7.408911705E0,4.104999924E1,1.799999952E0,9.300000191E0
3.506527470E2,4.079063167E1,1.676706167E1,4.628129750E2,6.886983395E0,6.224000168E1,1.799999952E0,9.699999809E0
3.516527470E2,4.079064667E1,1.676715333E1,4.630132373E2,7.362071991E0,8.516999817E1,1.799999952E0,9.899999619E0
3.526527470E2,4.079063500E1,1.676725500E1,4.630135903E2,8.252026558E0,9.808999634E1,1.799999952E0,9.699999809E0
3.536527470E2,4.079061333E1,1.676735833E1,4.617139705E2,8.628288269E0,1.017900009E2,1.799999952E0,8.899999619E0
3.546527470E2,4.079059167E1,1.676746167E1,4.612143508E2,9.403974533E0,1.039599991E2,1.799999952E0,9.100000381E0
3.556527470E2,4.079057000E1,1.676757167E1,4.606147526E2,1.009009933E1,1.041600037E2,1.899999976E0,9.399999619E0
3.566527470E2,4.079054500E1,1.676769333E1,4.603151992E2,1.053121662E1,1.043700027E2,1.799999952E0,9.699999809E0
3.576527470E2,4.079052333E1,1.676782500E1,4.603156707E2,1.106755733E1,1.035199966E2,1.899999976E0,9.899999619E0
3.586527470E2,4.079049667E1,1.676796333E1,4.602161746E2,1.166978264E1,1.032600021E2,1.899999976E0,9.899999619E0
3.596527470E2,4.079047000E1,1.676810167E1,4.600166786E2,1.230391979E1,1.026600037E2,1.799999952E0,9.500000000E0
3.606527470E2,4.079044333E1,1.676824833E1,4.594172093E2,1.269716740E1,1.028499985E2,1.899999976E0,9.199999809E0
3.616527470E2,4.079041667E1,1.676839833E1,4.592177508E2,1.327314186E1,1.035899963E2,1.899999976E0,9.199999809E0
3.626527470E2,4.079039500E1,1.676854667E1,4.589182760E2,1.358763695E1,1.036399994E2,1.799999952E0,9.199999809E0
3.636527470E2,4.079037000E1,1.676870333E1,4.592188353E2,1.380639458E1,1.031800003E2,1.799999952E0,9.399999619E0
3.646527470E2,4.079033833E1,1.676886167E1,4.588194146E2,1.411677170E1,1.036100006E2,1.899999976E0,9.199999809E0
3.656527470E2,4.079030667E1,1.676902500E1,4.583200100E2,1.415022850E1,1.031299973E2,1.799999952E0,9.000000000E0
3.666527470E2,4.079027500E1,1.676918667E1,4.576206000E2,1.427736473E1,1.033799973E2,1.799999952E0,8.800000191E0
3.676527470E2,4.079024833E1,1.676935333E1,4.572211951E2,1.438185406E1,1.040699997E2,1.799999952E0,8.899999619E0
3.686527470E2,4.079021833E1,1.676952333E1,4.572218083E2,1.452134323E1,1.038000031E2,1.899999976E0,9.100000381E0
3.696527470E2,4.079018667E1,1.676969000E1,4.576224144E2,1.452494621E1,1.036800003E2,1.899999976E0,9.399999619E0
3.706527470E2,4.079015500E1,1.676985833E1,4.577230258E2,1.449560738E1,1.038000031E2,1.899999976E0,9.399999619E0
3.716527470E2,4.079012333E1,1.677002167E1,4.574236212E2,1.435508823E1,1.041999969E2,1.899999976E0,9.399999619E0
3.726527470E2,4.079009333E1,1.677018167E1,4.569242021E2,1.438700104E1,1.040500031E2,1.899999976E0,9.500000000E0
3.736527470E2,4.079005500E1,1.677034000E1,4.559247959E2,1.423618698E1,1.042300034E2,1.799999952E0,9.399999619E0
3.746527470E2,4.079002333E1,1.677050000E1,4.553253805E2,1.431751347E1,1.039300003E2,1.899999976E0,9.699999809E0
3.756527470E2,4.078999167E1,1.677066667E1,4.548259866E2,1.449612236E1,1.039899979E2,1.899999976E0,9.800000191E0
3.766527470E2,4.078995833E1,1.677083833E1,4.555266124E2,1.478591061E1,1.039800034E2,1.899999976E0,9.399999619E0
3.776527470E2,4.078992500E1,1.677100667E1,4.556272274E2,1.504636002E1,1.042900009E2,1.899999976E0,9.399999619E0
3.786527470E2,4.078988833E1,1.677118333E1,4.554278766E2,1.539482689E1,1.044000015E2,1.899999976E0,9.500000000E0
3.796527470E2,4.078985333E1,1.677136167E1,4.557285275E2,1.535570812E1,1.041999969E2,1.899999976E0,9.399999619E0
3.806527470E2,4.078982000E1,1.677154167E1,4.560291801E2,1.543754864E1,1.043600006E2,1.899999976E0,9.399999619E0
3.816527470E2,4.078979000E1,1.677171833E1,4.555298147E2,1.572424889E1,1.041100006E2,1.899999976E0,9.800000191E0
3.826527470E2,4.078975500E1,1.677189667E1,4.550304655E2,1.597080135E1,1.049000015E2,1.899999976E0,1.010000038E1
3.836527470E2,4.078971333E1,1.677208667E1,4.547311686E2,1.617360115E1,1.045899963E2,1.899999976E0,1.010000038E1
3.846527470E2,4.078967500E1,1.677227333E1,4.542318536E2,1.645463943E1,1.042799988E2,1.899999976E0,1.019999981E1
3.856527470E2,4.078963833E1,1.677246500E1,4.533325510E2,1.674906158E1,1.045800018E2,1.899999976E0,1.000000000E1
3.866527470E2,4.078960000E1,1.677265833E1,4.535332574E2,1.710267448E1,1.045000000E2,2.000000000E0,1.019999981E1
3.876527470E2,4.078956167E1,1.677285000E1,4.538339585E2,1.735180092E1,1.041399994E2,2.000000000E0,1.000000000E1
3.886527470E2,4.078952333E1,1.677305500E1,4.542347025E2,1.788505363E1,1.041699982E2,1.899999976E0,1.000000000E1
3.896527470E2,4.078948833E1,1.677327000E1,4.552354714E2,1.804307365E1,1.035999985E2,1.899999976E0,9.800000191E0
3.906527470E2,4.078945167E1,1.677348500E1,4.544362439E2,1.840543747E1,1.036100006E2,1.899999976E0,9.300000191E0
3.916527470E2,4.078941167E1,1.677369833E1,4.547370183E2,1.862316513E1,1.042799988E2,1.899999976E0,9.399999619E0
3.926527470E2,4.078936833E1,1.677391667E1,4.551378162E2,1.890832138E1,1.045699997E2,1.899999976E0,9.399999619E0
3.936527470E2,4.078932833E1,1.677414333E1,4.549386335E2,1.904214859E1,1.046200027E2,1.899999976E0,9.399999619E0
3.946527470E2,4.078928167E1,1.677435167E1,4.547394064E2,1.854904556E1,1.042200012E2,1.899999976E0,9.000000000E0
3.956527470E2,4.078924167E1,1.677456333E1,4.545401755E2,1.818925476E1,1.036800003E2,1.899999976E0,9.100000381E0
3.966527470E2,4.078921000E1,1.677477500E1,4.539409263E2,1.793086243E1,1.031900024E2,1.899999976E0,9.199999809E0
3.976527470E2,4.078917500E1,1.677497333E1,4.540416414E2,1.729981422E1,1.018399963E2,1.899999976E0,9.199999809E0
3.986527470E2,4.078914500E1,1.677516667E1,4.532423295E2,1.696421432E1,9.750000000E1,1.799999952E0,8.899999619E0
3.996527470E2,4.078913000E1,1.677536333E1,4.523429955E2,1.658074760E1,9.155000305E1,1.799999952E0,8.800000191E0
4.006527470E2,4.078913333E1,1.677555500E1,4.516436053E2,1.629404640E1,8.554000092E1,1.700000048E0,8.500000000E0
4.016527470E2,4.078915333E1,1.677574167E1,4.514441626E2,1.568821907E1,8.006999969E1,1.700000048E0,8.800000191E0
4.026527470E2,4.078918000E1,1.677591667E1,4.512446676E2,1.566557121E1,7.791999817E1,1.799999952E0,8.699999809E0
4.036527470E2,4.078920833E1,1.677606667E1,4.508450886E2,1.274812508E1,7.666999817E1,1.799999952E0,8.899999619E0
4.046527470E2,4.078923667E1,1.677619667E1,4.501454452E2,1.120189953E1,7.601999664E1,1.799999952E0,8.800000191E0
4.056527470E2,4.078926000E1,1.677631667E1,4.495457805E2,9.787443161E0,7.538999939E1,1.799999952E0,8.899999619E0
4.066527470E2,4.078928000E1,1.677642333E1,4.494460802E2,9.134260178E0,7.986000061E1,1.799999952E0,8.600000381E0
4.076527470E2,4.078928000E1,1.677653000E1,4.490464236E2,8.176877022E0,9.383000183E1,1.799999952E0,8.699999809E0
4.086527470E2,4.078926000E1,1.677662667E1,4.489467786E2,8.007019043E0,1.125000000E2,1.799999952E0,8.800000191E0
4.096527470E2,4.078922333E1,1.677670000E1,4.488470949E2,7.872676373E0,1.245800018E2,1.799999952E0,9.000000000E0
4.106527470E2,4.078916667E1,1.677674833E1,4.491473745E2,7.874735355E0,1.427899933E2,1.899999976E0,9.000000000E0
4.116527470E2,4.078910000E1,1.677679000E1,4.492476544E2,8.331294060E0,1.502500000E2,1.899999976E0,9.300000191E0
4.126527470E2,4.078903167E1,1.677683500E1,4.489479488E2,8.733806610E0,1.511900024E2,1.899999976E0,9.500000000E0
4.136527470E2,4.078896000E1,1.677688333E1,4.483482611E2,8.986535072E0,1.504100037E2,2.000000000E0,9.600000381E0
4.146517470E2,4.078889000E1,1.677693667E1,4.479485859E2,9.003005981E0,1.502899933E2,1.899999976E0,9.399999619E0
4.156517470E2,4.078881667E1,1.677699167E1,4.480489234E2,9.230513573E0,1.498099976E2,1.899999976E0,9.300000191E0
4.166517470E2,4.078874333E1,1.677705000E1,4.481492716E2,9.256764412E0,1.498000031E2,1.899999976E0,8.899999619E0
4.176517470E2,4.078866667E1,1.677711000E1,4.480496324E2,9.074552536E0,1.493399963E2,1.899999976E0,9.100000381E0
4.186517470E2,4.078859500E1,1.677716500E1,4.483499662E2,9.058596611E0,1.488899994E2,1.899999976E0,9.000000000E0
4.196517470E2,4.078852333E1,1.677722000E1,4.482503000E2,8.971608162E0,1.491600037E2,1.899999976E0,9.300000191E0
4.206517470E2,4.078845500E1,1.677727667E1,4.481506319E2,8.709099770E0,1.487899933E2,1.899999976E0,9.300000191E0
4.216517470E2,4.078838500E1,1.677733167E1,4.481509620E2,8.354970932E0,1.486300049E2,1.899999976E0,9.199999809E0
4.226517470E2,4.078831833E1,1.677738167E1,4.479512688E2,7.969958782E0,1.468600006E2,1.899999976E0,9.199999809E0
4.236517470E2,4.078825833E1,1.677743167E1,4.478515609E2,7.707450390E0,1.467299957E2,1.899999976E0,8.899999619E0
4.246517470E2,4.078820167E1,1.677748000E1,4.476518404E2,7.512371063E0,1.462500000E2,1.899999976E0,8.800000191E0
4.256517470E2,4.078814500E1,1.677752500E1,4.473521092E2,7.293099403E0,1.482899933E2,1.799999952E0,8.899999619E0
4.266517470E2,4.078808833E1,1.677755667E1,4.470523351E2,7.212287903E0,1.562500000E2,1.799999952E0,8.199999809E0
4.276517470E2,4.078803000E1,1.677757833E1,4.471525324E2,6.993530750E0,1.741499939E2,1.799999952E0,8.399999619E0
4.286517470E2,4.078796167E1,1.677756833E1,4.464526496E2,7.081548214E0,1.933500061E2,1.799999952E0,8.500000000E0
4.296517470E2,4.078790833E1,1.677753167E1,4.464526482E2,6.694992065E0,2.105899963E2,1.799999952E0,9.000000000E0
4.306517470E2,4.078787167E1,1.677747000E1,4.463525299E2,6.807715893E0,2.303099976E2,1.799999952E0,8.899999619E0
4.316517470E2,4.078784667E1,1.677739833E1,4.467523539E2,6.587415218E0,2.435700073E2,1.899999976E0,9.199999809E0
4.326517470E2,4.078784333E1,1.677730833E1,4.476520715E2,7.046547413E0,2.642799988E2,1.899999976E0,9.300000191E0
4.336517470E2,4.078785000E1,1.677722833E1,4.484517994E2,6.943088055E0,2.725499878E2,1.899999976E0,8.899999619E0
4.346517470E2,4.078786333E1,1.677714500E1,4.486515020E2,7.280230999E0,2.774200134E2,1.799999952E0,8.899999619E0
4.356517470E2,4.078787167E1,1.677705500E1,4.482511941E2,6.482411861E0,2.685100098E2,1.799999952E0,8.899999619E0
4.366517470E2,4.078787500E1,1.677696667E1,4.479509024E2,7.122211456E0,2.791600037E2,1.700000048E0,8.500000000E0
4.376517470E2,4.078790000E1,1.677687500E1,4.477505527E2,7.339939117E0,2.887900085E2,1.799999952E0,8.300000191E0
4.386517470E2,4.078792500E1,1.677678500E1,4.475502083E2,7.323982716E0,2.917999878E2,1.799999952E0,8.300000191E0
4.396517470E2,4.078794833E1,1.677669833E1,4.474498783E2,7.182434082E0,2.913299866E2,1.700000048E0,8.399999619E0
4.406517470E2,4.078797000E1,1.677662000E1,4.475495788E2,7.158241749E0,2.918200073E2,1.700000048E0,8.300000191E0
4.416517470E2,4.078799000E1,1.677654500E1,4.475492936E2,6.718154430E0,2.909400024E2,1.700000048E0,8.600000381E0
4.426517470E2,4.078800500E1,1.677647500E1,4.481490355E2,6.582267761E0,2.912600098E2,1.700000048E0,8.600000381E0
4.436517470E2,4.078802500E1,1.677640833E1,4.481487771E2,6.358878136E0,2.917699890E2,1.700000048E0,8.899999619E0
4.446517470E2,4.078804667E1,1.677634500E1,4.478485258E2,5.366493702E0,2.927399902E2,1.700000048E0,8.800000191E0
4.456517470E2,4.078806667E1,1.677629333E1,4.475483158E2,4.612425804E0,2.926400146E2,1.700000048E0,8.800000191E0
4.466517470E2,4.078808000E1,1.677624833E1,4.471481418E2,3.887182236E0,2.894700012E2,1.700000048E0,8.600000381E0
4.476517470E2,4.078809167E1,1.677620667E1,4.469479821E2,3.703941107E0,2.914599915E2,1.600000024E0,8.500000000E0
4.486517470E2,4.078810667E1,1.677617000E1,4.469478313E2,3.837254047E0,2.902099915E2,1.600000024E0,8.600000381E0
4.496517470E2,4.078812000E1,1.677612000E1,4.470476411E2,4.316460609E0,2.890400085E2,1.600000024E0,8.699999809E0
4.506517470E2,4.078813500E1,1.677607167E1,4.471474527E2,4.612425804E0,2.922600098E2,1.700000048E0,8.800000191E0
4.516517470E2,4.078814667E1,1.677601333E1,4.471472394E2,4.853315830E0,2.932999878E2,1.700000048E0,8.800000191E0
4.526517470E2,4.078816333E1,1.677595500E1,4.471470152E2,5.015967846E0,2.932000122E2,1.700000048E0,8.800000191E0
4.536517470E2,4.078817833E1,1.677590167E1,4.470468107E2,5.113250732E0,2.936600037E2,1.700000048E0,8.699999809E0
4.546517470E2,4.078819500E1,1.677584500E1,4.468465918E2,5.252740383E0,2.924400024E2,1.700000048E0,8.899999619E0
4.556517470E2,4.078821333E1,1.677578667E1,4.468463639E2,5.291344643E0,2.922399902E2,1.700000048E0,8.899999619E0
4.566517470E2,4.078823167E1,1.677572667E1,4.469461307E2,5.493630409E0,2.918800049E2,1.700000048E0,9.000000000E0
4.576517470E2,4.078824833E1,1.677566667E1,4.468459011E2,5.641870499E0,2.934700012E2,1.700000048E0,8.899999619E0
4.586517470E2,4.078827333E1,1.677560167E1,4.472456371E2,5.666062355E0,2.932799988E2,1.700000048E0,9.199999809E0
4.596517470E2,4.078829500E1,1.677554000E1,4.473453912E2,5.686136246E0,2.935499878E2,1.600000024E0,9.199999809E0
4.606517470E2,4.078831500E1,1.677548000E1,4.474451543E2,5.684592247E0,2.948800049E2,1.700000048E0,9.300000191E0
4.616517470E2,4.078833833E1,1.677541500E1,4.477448940E2,5.724225998E0,2.950100098E2,1.700000048E0,9.100000381E0
4.626517470E2,4.078836000E1,1.677535333E1,4.476446481E2,5.982101440E0,2.942500000E2,1.700000048E0,9.000000000E0
4.636517470E2,4.078838167E1,1.677529000E1,4.474443968E2,6.076810360E0,2.932699890E2,1.700000048E0,9.000000000E0
4.646517470E2,4.078840000E1,1.677521833E1,4.476441260E2,6.096884727E0,2.933200073E2,1.700000048E0,8.699999809E0
4.656517470E2,4.078842167E1,1.677515000E1,4.479438586E2,6.289905548E0,2.919800110E2,1.700000048E0,8.800000191E0
4.666517470E2,4.078844000E1,1.677508167E1,4.485435985E2,6.326965332E0,2.931000061E2,1.700000048E0,8.800000191E0
4.676517470E2,4.078846500E1,1.677501500E1,4.486433292E2,6.137547970E0,2.947099915E2,1.700000048E0,8.899999619E0
4.686517470E2,4.078848833E1,1.677495000E1,4.484430689E2,6.103576183E0,2.942699890E2,1.799999952E0,9.199999809E0
4.696517470E2,4.078851000E1,1.677488167E1,4.484428015E2,5.883789539E0,2.941099854E2,1.700000048E0,9.100000381E0
4.706517470E2,4.078853667E1,1.677482000E1,4.491425446E2,5.428775311E0,3.015899963E2,1.799999952E0,9.300000191E0
4.716517470E2,4.078856500E1,1.677477500E1,4.489423377E2,5.119941711E0,3.124299927E2,1.700000048E0,9.000000000E0
4.726517470E2,4.078859667E1,1.677472667E1,4.493421128E2,4.529040813E0,3.162600098E2,1.700000048E0,9.000000000E0
4.736517470E2,4.078862667E1,1.677468500E1,4.496419130E2,4.162558556E0,3.078399963E2,1.799999952E0,9.100000381E0
4.746517470E2,4.078864667E1,1.677464833E1,4.494417512E2,3.632394791E0,2.958500061E2,1.799999952E0,9.199999809E0
4.756517470E2,4.078865833E1,1.677462333E1,4.491416452E2,2.227717876E0,2.914800110E2,1.700000048E0,9.300000191E0
4.766517470E2,4.078865833E1,1.677461000E1,4.488416023E2,0.000000000E0,2.914800110E2,1.700000048E0,9.399999619E0
4.776517470E2,4.078865833E1,1.677460667E1,4.487415916E2,0.000000000E0,2.914800110E2,1.700000048E0,1.000000000E1
4.786517470E2,4.078865500E1,1.677460667E1,4.488415989E2,0.000000000E0,2.914800110E2,1.600000024E0,9.699999809E0
4.796517470E2,4.078865500E1,1.677460667E1,4.488415989E2,0.000000000E0,2.914800110E2,1.500000000E0,9.899999619E0
4.806517470E2,4.078865500E1,1.677460667E1,4.488415989E2,0.000000000E0,2.914800110E2,1.500000000E0,1.069999981E1
4.816517470E2,4.078865500E1,1.677460667E1,4.488415989E2,0.000000000E0,2.914800110E2,1.500000000E0,1.119999981E1
4.826517470E2,4.078865500E1,1.677460667E1,4.488415989E2,0.000000000E0,2.914800110E2,1.500000000E0,1.160000038E1
4.836517470E2,4.078865500E1,1.677460667E1,4.488415989E2,0.000000000E0,2.914800110E2,1.500000000E0,8.899999619E0
4.846517470E2,4.078865500E1,1.677460667E1,4.488415989E2,0.000000000E0,2.914800110E2,1.399999976E0,9.000000000E0
4.856517470E2,4.078865500E1,1.677460667E1,4.488415989E2,0.000000000E0,2.914800110E2,1.399999976E0,9.000000000E0
4.866517470E2,4.078865500E1,1.677460667E1,4.488415989E2,0.000000000E0,2.914800110E2,1.399999976E0,9.500000000E0
4.876517470E2,4.078865500E1,1.677460667E1,4.488415989E2,0.000000000E0,2.914800110E2,1.500000000E0,1.019999981E1
